{"total_number_of_trips": 474510, "total_distance": 4277453.81, "total_time": 166512.91666666666, "unique_modes": ["Private Vehicle", "Public Transport", "Walking", "Bicycle", "Other Modes"], "mode_share_trips": {"Private Vehicle": 70.53739647215022, "Public Transport": 7.523972097532192, "Walking": 19.925607468757246, "Bicycle": 1.6041811552970433, "Other Modes": 0.4088428062633032}, "mode_share_distance": {"Private Vehicle": 84.3785927404322, "Public Transport": 12.334832202431196, "Walking": 2.0126887121196058, "Bicycle": 0.8757429457782971, "Other Modes": 0.39814339923871683}, "mode_share_time": {"Private Vehicle": 71.66803376114466, "Public Transport": 13.67250288391041, "Walking": 12.265354789793587, "Bicycle": 1.9144660949726124, "Other Modes": 0.47964247017873995}}